domain,label
d84pfod2636.com,zodiac
916461bc.net,zodiac
f928f41658.org,zodiac
f928f41o58209.info,zodiac
361f4b93b.biz,zodiac
f93b205b03d.edu,zodiac
2bc541bb.gov,zodiac
w817qf7fc8c3.com,zodiac
8c544701.net,zodiac
8345dec05c.org,zodiac
8345doc0.info,zodiac
81d63445x36.biz,zodiac
96fre487k8.edu,zodiac
361f4b93b8c756.gov,zodiac
361f4b93b8c7.com,zodiac
f928f41.net,zodiac
49c6867bf11.org,zodiac
2bc541bb35.info,zodiac
5df87723q.biz,zodiac
2bc541bb3zxdo.edu,zodiac
6200d2d3.gov,zodiac
d841fed26.com,zodiac
49c6867bf11.net,zodiac
04688bc6151.org,zodiac
3s8c897d.info,zodiac
81d6q44.biz,zodiac
d846fmd2636.edu,zodiac
b96f909.gov,zodiac
96fhx48.com,zodiac
b96f909.net,zodiac
2b7053b5.org,zodiac
di4323fc2.info,zodiac
81d6n445836m0.biz,zodiac
96f274872hd4.edu,zodiac
bd97426bdb10.gov,zodiac
dae323fc26.com,zodiac
91646ebcd5.net,zodiac
r8175f7fn8.org,zodiac
81d6444503.info,zodiac
f928f41w58109.biz,zodiac
f9d8724b.edu,zodiac
3p8c897d.gov,zodiac
2bc541bb3.com,zodiac
81d6p445e36209.net,zodiac
04688bc6.org,zodiac
361f4b93b8c75.info,zodiac
f9d8724b64k26.biz,zodiac
20295d72f29.edu,zodiac
6200d29351501.gov,zodiac
2bc541bb3d.com,zodiac
20260.com,time_based
2026042920260.net,time_based
20260428202.org,time_based
202604302.info,time_based
20260425.biz,time_based
202605082.edu,time_based
202604112.gov,time_based
202604272026.com,time_based
202604.net,time_based
202603.org,time_based
20260.info,time_based
20260327202.biz,time_based
20260430202.edu,time_based
20260329.gov,time_based
202604072026.com,time_based
20260518202.net,time_based
2026042.org,time_based
2026052.info,time_based
2026051320.biz,time_based
2026050720260.edu,time_based
202603.gov,time_based
202604.com,time_based
202604.net,time_based
20260.org,time_based
20260505.info,time_based
202605.biz,time_based
202605132.edu,time_based
2026042220.gov,time_based
20260330.com,time_based
20260.net,time_based
20260.org,time_based
20260513.info,time_based
20260.biz,time_based
202605.edu,time_based
20260.gov,time_based
2026051.com,time_based
20260.net,time_based
20260.org,time_based
2026052020.info,time_based
202604092.biz,time_based
20260501202.edu,time_based
2026041720260.gov,time_based
202605072.com,time_based
20260406.net,time_based
202605192026.org,time_based
2026051.info,time_based
202603.biz,time_based
202604.edu,time_based
202603262.gov,time_based
2026051.com,time_based
0c76cdb2bf107e58e39.com,seed_based
7f991a4e306007112.net,seed_based
f54f75023e8aa0e2.org,seed_based
e74c696eae750eae2.info,seed_based
973efa86a7cf15d4ef.biz,seed_based
2939371a8ccf4fb9.edu,seed_based
31343441e3e62de6.gov,seed_based
a9d0f0b28a77ab22372.com,seed_based
27971d6233b692596.net,seed_based
a770e71fc718872f1b2.org,seed_based
6d0d0fce1c1fd8c41.info,seed_based
68d34bbddc5516f61fa.biz,seed_based
541be51c46b2cf78c.edu,seed_based
75217d6f1f60bfe0759.gov,seed_based
e5e138731a04f1db.com,seed_based
d94ded0ea88eb650e.net,seed_based
007942d62526f9f650.org,seed_based
5864c632e9efadf3.info,seed_based
7aac9cd176308e927.biz,seed_based
7ecbfc00c1143b4b5.edu,seed_based
ee0eab68b4c43a47.gov,seed_based
a0cb2730704bd5a271.com,seed_based
04794e6d69fed2309.net,seed_based
0ce7dfa820a25f6355.org,seed_based
a134c8d72d48874d7f.info,seed_based
e603a13090b2b37733.biz,seed_based
e005a92e5b757436c.edu,seed_based
3eb14ebf54b64b0ecf.gov,seed_based
12c9bf052403ef7a65c.com,seed_based
856418002f81e692a.net,seed_based
474aaa38f9bad67e1.org,seed_based
3873f1ba833efbbdb.info,seed_based
5c2856d9e4a374181.biz,seed_based
55f3b0017cab23df14.edu,seed_based
9903d945b392f9b52bd.gov,seed_based
b6a7b687825b3e01d.com,seed_based
a83674b8d376ffc5d8.net,seed_based
51012551e5ace812714.org,seed_based
9cc5b1d05bdccf020fb.info,seed_based
d63d9e7d41e4037383.biz,seed_based
1a0fa9831cfb455e6.edu,seed_based
d822782a7ff2c47b61.gov,seed_based
2914c8878becc0b4e.com,seed_based
92e41e218ee9c03be0.net,seed_based
a349d37e9368b51f.org,seed_based
c5a5ffffc757daea5e.info,seed_based
4058a6c1f693b3fc7.biz,seed_based
7fd13f97ec8cecca.edu,seed_based
62c9f0ef427686006.gov,seed_based
c21edb2a7c35bbd308.com,seed_based
atqsmtjr.com,dictionary
htsjkjsppd.net,dictionary
dbbcmt.org,dictionary
mdhipnpfe.info,dictionary
krbckdncfah.biz,dictionary
cjpkehabfa.edu,dictionary
hadiateraal.gov,dictionary
jnnrjhh.com,dictionary
pecclccjsf.net,dictionary
tipdjrii.org,dictionary
mmrmimh.info,dictionary
jbeigsqlha.biz,dictionary
inendqp.edu,dictionary
diokd.gov,dictionary
tacaatkk.com,dictionary
nkafinfqgpd.net,dictionary
gntqthjt.org,dictionary
dnthbgt.info,dictionary
skmjct.biz,dictionary
mcdqtkdam.edu,dictionary
cdhbg.gov,dictionary
cgohdpche.com,dictionary
mrfrbggblt.net,dictionary
dccblsri.org,dictionary
haefqe.info,dictionary
csmhojgije.biz,dictionary
npotrmg.edu,dictionary
isfkfjtemfm.gov,dictionary
lnddnj.com,dictionary
nrkjissjisa.net,dictionary
kcontjle.org,dictionary
jskoqoncgf.info,dictionary
qcicsiq.biz,dictionary
jlocfstq.edu,dictionary
mlpdgo.gov,dictionary
atjglrfq.com,dictionary
hcjfbpnfkj.net,dictionary
gtmcnmljk.org,dictionary
mfaqm.info,dictionary
dtqragj.biz,dictionary
ljqst.edu,dictionary
ptpni.gov,dictionary
qhcpsdhoe.com,dictionary
dlnek.net,dictionary
lfeinfo.org,dictionary
jrorotthnl.info,dictionary
qinetks.biz,dictionary
tednt.edu,dictionary
decapbtdii.gov,dictionary
peadj.com,dictionary
atxmr1kxh1q9l9.com,prng
wf706kjnem.net,prng
ub3vb60aaklsg.org,prng
glyo7vcoh5n9lq.info,prng
17icktajow8vkyuad.biz,prng
2fylaxn6.edu,prng
4da5u09mx.gov,prng
9jf5kvonk.com,prng
sj8f7aja5l.net,prng
gq6ze30lplbxvlzll.org,prng
7p060uhe3mmi7ovsi.info,prng
6dq1cx78gejxcr2x.biz,prng
t2qt54dq2bowia.edu,prng
bhmz5lrwn.gov,prng
uyetxc0mkfjt.com,prng
v1majh6cvzu.net,prng
pg5jnq8w.org,prng
scfg7n9607.info,prng
7j8uk302.biz,prng
xbyw8bu4.edu,prng
cuuytiydh5hglcd.gov,prng
n7g354d1oovk.com,prng
8p4ln99nk3amee.net,prng
hgqpnro5x2z9p26g.org,prng
b68xpz5f03hup2t1.info,prng
hknyqla7rb4vmtbzx.biz,prng
9qofnq9abji.edu,prng
nit6sbn1zz29r.gov,prng
s8e44k1dghru0z4f.com,prng
h1oa3jawkrjykt.net,prng
u1cwp3bwz5ixt.org,prng
i52a3xo04o6v5so0.info,prng
gjl8chyixemna.biz,prng
vqp8rtwuz.edu,prng
h22upqgk.gov,prng
d6ij7mrnqwdf.com,prng
ocibcjy10b.net,prng
j67j5gwejb.org,prng
wixvnsm8v.info,prng
evkq49k9iyb2jq.biz,prng
j9qqsa7xz9.edu,prng
ygg8k36legg.gov,prng
jc2hzqsi77olg1.com,prng
rphuz9qnxy.net,prng
as1205g44ocw.org,prng
6moe9nlila.info,prng
iadqh8ta4.biz,prng
ovfba0gt2eeyj2u4j.edu,prng
yp0j1woya3wh4xhr.gov,prng
7mbgzu95l.com,prng
66953.com,arithmetic
1060971060.net,arithmetic
131481131.org,arithmetic
20566920566.info,arithmetic
2268622268.biz,arithmetic
24315024315.edu,arithmetic
2773722773722.gov,arithmetic
3595833.com,arithmetic
4397694397694.net,arithmetic
4642554642.org,arithmetic
561006.info,arithmetic
63061163061.biz,arithmetic
7072957072957.edu,arithmetic
7291297.gov,arithmetic
756093.com,arithmetic
7809937809.net,arithmetic
82320.org,arithmetic
8833458833.info,arithmetic
8868678868678.biz,arithmetic
97740097740.edu,arithmetic
97785.gov,arithmetic
1064872.com,arithmetic
1140909.net,arithmetic
117847.org,arithmetic
12640011264.info,arithmetic
127788112778811.biz,arithmetic
1353652.edu,arithmetic
14501981450.gov,arithmetic
1480689148068.com,arithmetic
1558808155.net,arithmetic
15640841.org,arithmetic
157978715797.info,arithmetic
1608149160814.biz,arithmetic
1695930.edu,arithmetic
17297121729712.gov,arithmetic
1786555178655.com,arithmetic
18035.net,arithmetic
182509218.org,arithmetic
1826319.info,arithmetic
1856350185.biz,arithmetic
1927016192.edu,arithmetic
19475921947.gov,arithmetic
19900.com,arithmetic
19964.net,arithmetic
208977420897.org,arithmetic
21000722100.info,arithmetic
21235.biz,arithmetic
2216966221.edu,arithmetic
224519322451932.gov,arithmetic
231237.com,arithmetic
lepaxmlep.com,permutation
lemaxp.net,permutation
pelmaxpelm.org,permutation
laxmepl.info,permutation
xelpmaxel.biz,permutation
maelpxma.edu,permutation
eaplmxea.gov,permutation
emplxae.com,permutation
alepmxalep.net,permutation
xlamepxlam.org,permutation
elxpam.info,permutation
aemlxpa.biz,permutation
plxmaepl.edu,permutation
xpamel.gov,permutation
lxaepmlxae.com,permutation
elxmap.net,permutation
aexpmlae.org,permutation
amlpxeamlp.info,permutation
palemxpal.biz,permutation
mpxealmpx.edu,permutation
pmlaexp.gov,permutation
lmaxpe.com,permutation
axlmpeaxlm.net,permutation
maxplem.org,permutation
axpeml.info,permutation
amelpxam.biz,permutation
emxaplemxa.edu,permutation
apmxel.gov,permutation
mlpxaemlpx.com,permutation
aelpmx.net,permutation
axmlpeax.org,permutation
pmlxeapmlx.info,permutation
lemxpalem.biz,permutation
paxemlpa.edu,permutation
pmlexa.gov,permutation
lepxmalepx.com,permutation
malpxema.net,permutation
mxeapl.org,permutation
emlaxpeml.info,permutation
lpmxaelpm.biz,permutation
pmxela.edu,permutation
mleaxpmle.gov,permutation
mexpalme.com,permutation
pemlxapem.net,permutation
mpelaxm.org,permutation
maeplxmae.info,permutation
leaxmpl.biz,permutation
maxlepmaxl.edu,permutation
pxlaempx.gov,permutation
plaxmeplax.com,permutation
abbcdfinv8l.com,fibonacci
bmnzktn6b7.net,fibonacci
8xnXfzcWbabbcd.org,fibonacci
finv8lbmnzktn.info,fibonacci
6b78xnXfzcWba.biz,fibonacci
bbcdfinv8lbm.edu,fibonacci
nzktn6b78xn.gov,fibonacci
XfzcWbabbcd.com,fibonacci
finv8lbmnzktn6b7.net,fibonacci
8xnXfzcWba.org,fibonacci
bbcdfinv8l.info,fibonacci
bmnzktn6b78.biz,fibonacci
xnXfzcWbabbcd.edu,fibonacci
finv8lbmnzktn.gov,fibonacci
6b78xnXfzc.com,fibonacci
Wbabbcdfinv8l.net,fibonacci
bmnzktn6b78xnXfz.org,fibonacci
cWbabbcdfinv8.info,fibonacci
lbmnzktn6b78xnXfz.biz,fibonacci
cWbabbcdfinv8l.edu,fibonacci
bmnzktn6b7.gov,fibonacci
8xnXfzcWbabb.com,fibonacci
cdfinv8lbmnzktn6.net,fibonacci
b78xnXfzcWbabbc.org,fibonacci
dfinv8lbmnzktn.info,fibonacci
6b78xnXfzcWb.biz,fibonacci
abbcdfinv8lbm.edu,fibonacci
nzktn6b78xnXfzc.gov,fibonacci
Wbabbcdfinv.com,fibonacci
8lbmnzktn6b.net,fibonacci
78xnXfzcWbabbcdf.org,fibonacci
inv8lbmnzkt.info,fibonacci
n6b78xnXfzcWbab.biz,fibonacci
bcdfinv8lbmnzkt.edu,fibonacci
n6b78xnXfzcWba.gov,fibonacci
bbcdfinv8l.com,fibonacci
bmnzktn6b78xnXfzc.net,fibonacci
Wbabbcdfinv.org,fibonacci
8lbmnzktn6b78xnX.info,fibonacci
fzcWbabbcdf.biz,fibonacci
inv8lbmnzktn6b.edu,fibonacci
78xnXfzcWbabbcd.gov,fibonacci
finv8lbmnzktn.com,fibonacci
6b78xnXfzcW.net,fibonacci
babbcdfinv.org,fibonacci
8lbmnzktn6b78.info,fibonacci
xnXfzcWbabbcdf.biz,fibonacci
inv8lbmnzkt.edu,fibonacci
n6b78xnXfzcWb.gov,fibonacci
abbcdfinv8l.com,fibonacci
bxlzzwvk59.com,base32_base64
zgvlc3lt.net,base32_base64
mg15c2vl.org,base32_base64
mwrlzxn.info,base32_base64
mjbtexnlz.biz,base32_base64
mzfkzwvzew.edu,base32_base64
ndiwbxl.gov,base32_base64
ntmxzgv.com,base32_base64
njqymg15c2.net,base32_base64
nzuzmwrlzx.org,base32_base64
ody0mjb.info,base32_base64
otc1mzfkz.biz,base32_base64
mde4njqymg.edu,base32_base64
mte5nzu.gov,base32_base64
mjewmtg2n.com,base32_base64
mzexmtk.net,base32_base64
ndeymtax.org,base32_base64
ntezmte.info,base32_base64
nje0mtixm.biz,base32_base64
nze1mtmxmt.edu,base32_base64
ode2mtqxmj.gov,base32_base64
ote3mtux.com,base32_base64
mdi4mtyx.net,base32_base64
mti5mtcxn.org,base32_base64
mjiwmjgxn.info,base32_base64
mzixmjkxn.biz,base32_base64
ndiymjayo.edu,base32_base64
ntizmjey.gov,base32_base64
nji0mjiymd.com,base32_base64
nzi1mjmymt.net,base32_base64
odi2mjqymj.org,base32_base64
oti3mjuym.info,base32_base64
mdm4mjyy.biz,base32_base64
mtm5mjcy.edu,base32_base64
mjmwmzg.gov,base32_base64
mzmxmzky.com,base32_base64
ndmymzaz.net,base32_base64
ntmzmzezot.org,base32_base64
njm0mzizmd.info,base32_base64
nzm1mzmzm.biz,base32_base64
odm2mzqz.edu,base32_base64
otm3mzu.gov,base32_base64
mdq4mzy.com,base32_base64
mtq5mzc.net,base32_base64
mjqwndgznj.org,base32_base64
mzqxndkznz.info,base32_base64
ndqynda0od.biz,base32_base64
ntqznde0.edu,base32_base64
njq0ndi.gov,base32_base64
nzq1ndm0mt.com,base32_base64
favorclientqsvm.net,wordlist
datapullrw.me,wordlist
cliloadwsjk.mn,wordlist
usercherrypde.net,wordlist
disallowagent.me,wordlist
allowtablesmdh.mn,wordlist
alidishpfe.net,wordlist
pushframexr.me,wordlist
agentallowdn.mn,wordlist
syncallowa.net,wordlist
hostcli.me,wordlist
pushuserkeu.mn,wordlist
cliclient.net,wordlist
axpclienty.me,wordlist
clientsync.mn,wordlist
alihost.net,wordlist
syncdatar.me,wordlist
hostclient.mn,wordlist
syncjulyyj.net,wordlist
framepullnrx.me,wordlist
syncuserh.mn,wordlist
proxyloadecc.net,wordlist
julyallow.me,wordlist
hostuserufnt.mn,wordlist
loadalidjr.net,wordlist
alialimm.me,wordlist
bananapushimh.mn,wordlist
frameuser.net,wordlist
jscalis.me,wordlist
applepingha.mn,wordlist
alihostne.net,wordlist
citysync.me,wordlist
appledish.mn,wordlist
disallowalikdp.net,wordlist
dataclient.me,wordlist
pullclient.mn,wordlist
pushdatakn.net,wordlist
loadclick.me,wordlist
loadproxyi.mn,wordlist
cityaxpgzyp.net,wordlist
disallowdishn.me,wordlist
pullloadvqut.mn,wordlist
proxyclitk.net,wordlist
pullproxy.me,wordlist
citydataz.mn,wordlist
agentnotfysk.net,wordlist
hosttablect.me,wordlist
datapullcdq.mn,wordlist
dataclick.net,wordlist
loadclientdcx.me,wordlist
ayuxoyiwey.com,vowel_consonant
umimutofefac.net,vowel_consonant
oyuqaki.org,vowel_consonant
otegiwadif.info,vowel_consonant
ahakamonez.cc,vowel_consonant
acebebal.com,vowel_consonant
ayewabimizor.net,vowel_consonant
iketedapadi.org,vowel_consonant
uzerulofiwil.info,vowel_consonant
oquqiqezi.cc,vowel_consonant
elexupe.com,vowel_consonant
ilogofu.net,vowel_consonant
afisifoyad.org,vowel_consonant
ayinona.info,vowel_consonant
elohujofojoy.cc,vowel_consonant
uzukiyifoyec.com,vowel_consonant
uhunomay.net,vowel_consonant
odavunabofa.org,vowel_consonant
akajudesefod.info,vowel_consonant
equhucej.cc,vowel_consonant
iyofaza.com,vowel_consonant
ixuleka.net,vowel_consonant
eveduqes.org,vowel_consonant
ezimeloto.info,vowel_consonant
uqeluhihiye.cc,vowel_consonant
eqezirafom.com,vowel_consonant
uniluxizix.net,vowel_consonant
ozidoru.org,vowel_consonant
izemunozu.info,vowel_consonant
odehivalax.cc,vowel_consonant
ivozipodexuv.com,vowel_consonant
opofesob.net,vowel_consonant
ijiwevediha.org,vowel_consonant
ohimujuqaz.info,vowel_consonant
opinaqebuq.cc,vowel_consonant
ayuwajibi.com,vowel_consonant
uzuyatuzo.net,vowel_consonant
iyukatufez.org,vowel_consonant
ogafirenipeg.info,vowel_consonant
ohomususu.cc,vowel_consonant
erilulogunu.com,vowel_consonant
ugaruza.net,vowel_consonant
abocufil.org,vowel_consonant
ogafisu.info,vowel_consonant
alixore.cc,vowel_consonant
oxuvunimike.com,vowel_consonant
uqeleboz.net,vowel_consonant
oyoguhex.org,vowel_consonant
aradise.info,vowel_consonant
okegaya.cc,vowel_consonant
oeeeeoeooooooeee.com,morse_code
oeooeeooooeoo.net,morse_code
eoeoeeeoooeoe.org,morse_code
oeeoeoooeooeoooe.info,morse_code
eeeoooeeeo.biz,morse_code
oooeeoeooeeo.edu,morse_code
oooeeeooeoe.gov,morse_code
eooeoeoeoooeoe.com,morse_code
eooeoeoeeeoeoo.net,morse_code
oeeoooooe.org,morse_code
oeeeoeeoeo.info,morse_code
ooeoooooeeo.biz,morse_code
oeooooeoeeo.edu,morse_code
oooeeoeeoe.gov,morse_code
oeooeeoeoee.com,morse_code
oeeeeoeeoeeeoo.net,morse_code
eooeoeooeeoeeoe.org,morse_code
oooooooeeooe.info,morse_code
oeoeoeoeooeooeoe.biz,morse_code
oeeoeeeeeo.edu,morse_code
eoeeooeoooe.gov,morse_code
oeeeoeoooo.com,morse_code
eeeeoeoeeooeeo.net,morse_code
eooooooeeoooo.org,morse_code
oooooeoooeeooe.info,morse_code
eoeoeeoeeeo.biz,morse_code
eoeoeoooooeeeeee.edu,morse_code
oeeoeoeeoe.gov,morse_code
ooeeooeoe.com,morse_code
eoeeoeooeeoeoe.net,morse_code
ooeoooeoeeo.org,morse_code
eeooeoeeoeeo.info,morse_code
oeeoeeoeoe.biz,morse_code
ooeoeeeeeoeo.edu,morse_code
eoeooeeeoo.gov,morse_code
eeooeoooeeoe.com,morse_code
eoeeoooeoeo.net,morse_code
oeeeeoeoeeeeeoe.org,morse_code
eeoeeeoeeo.info,morse_code
eeeooeoeo.biz,morse_code
ooooeoooee.edu,morse_code
eeoeeeoooo.gov,morse_code
eeoooeeoeo.com,morse_code
ooooeeeoeooo.net,morse_code
eeoeeoeoo.org,morse_code
eeeeooeoeoeooe.info,morse_code
eooooeoooo.biz,morse_code
eeoooooooeoeo.edu,morse_code
eeoeooeeeoe.gov,morse_code
ooooeeeoeeeeeoe.com,morse_code
smileearthideaeart.com,emoji
earthearthclapthum.net,emoji
rocketlaughheartla.org,emoji
earthpartylaughthi.info,emoji
thumbideasmilelaug.biz,emoji
laughheartsmilethi.edu,emoji
thinksmilesmilehea.gov,emoji
laughclapsmileeart.com,emoji
smilesmilethumbcla.net,emoji
thinkrocketheartla.org,emoji
laughclapearthhear.info,emoji
claprocketlaughcla.biz,emoji
ideapartyclapparty.edu,emoji
thinkearthideathum.gov,emoji
partyheartpartylau.com,emoji
claprocketthumblau.net,emoji
smilelaughsmilesmi.org,emoji
heartclappartyhear.info,emoji
rocketlaughrockett.biz,emoji
earththinkclapeart.edu,emoji
thinkearthheartear.gov,emoji
claplaugheartheart.com,emoji
thumblaughsmilepar.net,emoji
earthlaughthinkroc.org,emoji
laughthinkheartpar.info,emoji
thinksmilethumbear.biz,emoji
laughsmilethumbear.edu,emoji
thinkthinksmilehea.gov,emoji
earthpartythinkroc.com,emoji
clapclapheartclapp.net,emoji
earthideapartythin.org,emoji
clapearthheartpart.info,emoji
thumbpartylaughlau.biz,emoji
ideathumbclapclape.edu,emoji
smilepartythumblau.gov,emoji
clapearththumbrock.com,emoji
laughthinkheartthu.net,emoji
clapidearocketclap.org,emoji
ideaheartpartythum.info,emoji
earthclapthinkthum.biz,emoji
ideathinklaughclap.edu,emoji
partyheartthumbcla.gov,emoji
partypartythumbcla.com,emoji
partyheartsmileide.net,emoji
laughearthideaidea.org,emoji
thumbclapideaearth.info,emoji
rocketearthrocketp.biz,emoji
ideathinklaughrock.edu,emoji
laughthumbpartyhea.gov,emoji
thumbheartheartcla.com,emoji
2146265859.com,coordinate
7696055743.net,coordinate
4389242808.org,coordinate
6726362138.info,coordinate
5935112156.biz,coordinate
1996393246.edu,coordinate
430892115.gov,coordinate
3003722618.com,coordinate
2768241189.net,coordinate
0524598921.org,coordinate
4206311409.info,coordinate
3838541735.biz,coordinate
278812537.edu,coordinate
5952210523.gov,coordinate
7355856739.com,coordinate
9012599555.net,coordinate
5177479944.org,coordinate
3358191378.info,coordinate
3346622926.biz,coordinate
648145669.edu,coordinate
9539416833.gov,coordinate
5551593402.com,coordinate
534245887.net,coordinate
6109894229.org,coordinate
3051833179.info,coordinate
3560981513.biz,coordinate
1541698855.edu,coordinate
2196579527.gov,coordinate
253401739.com,coordinate
6220324633.net,coordinate
5938342448.org,coordinate
8128347681.info,coordinate
5582723072.biz,coordinate
4470440504.edu,coordinate
8295286395.gov,coordinate
6403482799.com,coordinate
4634739831.net,coordinate
3468327053.org,coordinate
850622334.info,coordinate
4595691261.biz,coordinate
3702112691.edu,coordinate
7173237982.gov,coordinate
2007164972.com,coordinate
0555613498.net,coordinate
4430858368.org,coordinate
1955162695.info,coordinate
9556258132.biz,coordinate
1013901352.edu,coordinate
5136937233.gov,coordinate
8718251849.com,coordinate
a5e5f4e3.com,musical_notes
f2f5g5c3c.net,musical_notes
d1b1a1a4.org,musical_notes
e4a2c4d4g.info,musical_notes
g3f5a1c.biz,musical_notes
g1b1f2f1.edu,musical_notes
d3b2a1b1.gov,musical_notes
g1g1c1g.com,musical_notes
e1a3c3f.net,musical_notes
e3b2f4g2.org,musical_notes
a3a1f3g.info,musical_notes
b4e3d1c5c.biz,musical_notes
g4d5g4c4.edu,musical_notes
f3a2c2e.gov,musical_notes
c2a3f3d2d.com,musical_notes
d1a3f4c1d.net,musical_notes
a1f1g5f.org,musical_notes
g4f3a2c4.info,musical_notes
e2g4a4b.biz,musical_notes
e5f5f2f3e.edu,musical_notes
f1d5f2g1b.gov,musical_notes
g5c4c1e.com,musical_notes
a1e5c1f1.net,musical_notes
a1f1b1b5.org,musical_notes
b4b1g4a.info,musical_notes
f4e2g5a.biz,musical_notes
a3e4g1a.edu,musical_notes
c5e3b2f.gov,musical_notes
b5b1f5d.com,musical_notes
c2f3c2c4.net,musical_notes
d4e5g4b3f.org,musical_notes
c2f3e2d.info,musical_notes
b3g4a1d3.biz,musical_notes
e3c3e5c3.edu,musical_notes
a4f3a4g4g.gov,musical_notes
c2f3e3d5.com,musical_notes
g4a2b3g5.net,musical_notes
c1f5f3e.org,musical_notes
c3d1b5e5b.info,musical_notes
f3f4f1b4d.biz,musical_notes
c2f3e2e2a.edu,musical_notes
b1d4b3c5f.gov,musical_notes
d1g4d3c3a.com,musical_notes
g1e4c1e.net,musical_notes
a2c1c3f5f.org,musical_notes
a4e4d3e5b.info,musical_notes
e1b4b1g1.biz,musical_notes
c4b3c3b2c.edu,musical_notes
f4f3e4e.gov,musical_notes
e2d3c5c4b.com,musical_notes
numhjptikjbnse.net,ranbyus
akgqjfolsdgtpb.com,ranbyus
rrouljedefuxyb.pw,ranbyus
lmnmbcoeasbdlu.in,ranbyus
uelqkcgrbfnvgk.me,ranbyus
snmpqpuwhgseuh.cc,ranbyus
ktfargmhnihtdj.su,ranbyus
ltkhcacxjpropu.tw,ranbyus
rfwdmseuunyvlt.net,ranbyus
xodoexxgoophkf.com,ranbyus
ygrutqthyhulwe.pw,ranbyus
gqncggpasnapla.in,ranbyus
imvejavkteoxbk.me,ranbyus
njduthjqmlxsfm.cc,ranbyus
nshkdtdufrvqpr.su,ranbyus
pgguiickamyhep.tw,ranbyus
naimtxmfmjoldr.net,ranbyus
jvggvgliijigau.com,ranbyus
glssptiijdlryo.pw,ranbyus
apvnfancimxkgb.in,ranbyus
clsbqsjardemii.me,ranbyus
rydcayaqknsxtw.cc,ranbyus
naruqqbxxhcptj.su,ranbyus
nknetsugnsvmen.tw,ranbyus
vqrnmylgwkmrii.net,ranbyus
bdqvuncjpxlstu.com,ranbyus
mjgnvcbbspypbu.pw,ranbyus
ehykyfyqflvyqb.in,ranbyus
yodjfynbwrkbyy.me,ranbyus
uotdfrmvoivkfv.cc,ranbyus
hwtjgvwnkxhmva.su,ranbyus
mbobptiqqraeru.tw,ranbyus
uynoblcqfskcgc.net,ranbyus
gftladseaelknx.com,ranbyus
aqucdpfqemfvda.pw,ranbyus
vjpauywhknoiqg.in,ranbyus
ttlmwajlfrbnuj.me,ranbyus
kweepvcjcepfrw.cc,ranbyus
wrxwtcvnonryhs.su,ranbyus
xdqnmmuoqyrgeq.tw,ranbyus
nxivnlxmdvfich.net,ranbyus
dneeegpuyrwvwy.com,ranbyus
qyronbslsmclrl.pw,ranbyus
rfqejqbacwtlyo.in,ranbyus
hpaxwlbsgevnbv.me,ranbyus
hhoiprhlbmleoy.cc,ranbyus
wkamhdlacqvvaw.su,ranbyus
jpeoxjpdugcghp.tw,ranbyus
vyqksuwapqhmvh.net,ranbyus
jveyottsysrvtl.com,ranbyus
nlfmezbewijf.com,dyre
hxkdktlizchnqwvlps.com,dyre
neqyoqrcpljyt.com,dyre
qhtzzjncoiwe.com,dyre
xwwfendihoyvwjaacxpwrabd.com,dyre
glpxpcheahmqqj.com,dyre
uzwrkzzvmssdvidazni.com,dyre
hnvfvuxbeb.com,dyre
ucbwkfnqukadmvvtozc.com,dyre
gjkvqagsopkntjjed.com,dyre
ysjqzzmnzngizbajewpqpjg.com,dyre
rcdimaovgudw.com,dyre
xaijjgfyanbbthcpmt.com,dyre
kmsevhllsqybo.com,dyre
peyuihbbaccflulamgn.com,dyre
rqqmcilefp.com,dyre
zalbozizazxrfkvcxd.com,dyre
vjxahwxoum.com,dyre
xhfvlxlxycylfyhtaqirzok.com,dyre
drpbbrboskokkyveuet.com,dyre
iktaqbmvkiutdvzupittrzs.com,dyre
sbxzlvpyppjxg.com,dyre
vtzrekyykbx.com,dyre
prueecfyfxvdzbzmbb.com,dyre
tamauulgcudob.com,dyre
qritbafjfmekumbltrrfeuty.com,dyre
flujhnanddhrlyiwfcgjh.com,dyre
lsbahzptanhvtlsgnjohmmto.com,dyre
sfdputqtxeq.com,dyre
bivcnwqfjyslmgqi.com,dyre
iqhvgitigsudiewhvassaoeu.com,dyre
mdysgscpcsmtuklnwjhxh.com,dyre
sisyvefbtzfymhcrcsqcwrh.com,dyre
yyrvviexnpj.com,dyre
blrfwtckhlbozxatupjraef.com,dyre
hzhqsxbyiyxq.com,dyre
dxbvdmdrixnbvehaf.com,dyre
eijbgzsfrbebb.com,dyre
cyknvgchtjurmh.com,dyre
mmwzcpbihptkfhncq.com,dyre
fdyxlsgpvymmxuminkirayesr.com,dyre
tthbdnwxniv.com,dyre
uaqnogmhhlbcopnfrjsda.com,dyre
hstixkgupbms.com,dyre
buubprotkyiwci.com,dyre
ejtefsjrjfymqb.com,dyre
xffdzkwpzqqubp.com,dyre
shtlwvkofueii.com,dyre
ealovybdhksayonjw.com,dyre
cgmsxtiwpxacx.com,dyre
702b202f.com,dword_hex
c65eb579.net,dword_hex
f8f66e89.info,dword_hex
50308e96.com,dword_hex
7b7ef650.net,dword_hex
1f808680.info,dword_hex
0df2188a.com,dword_hex
17b64f93.net,dword_hex
647c58c7.info,dword_hex
3da874f1.com,dword_hex
fd8ba44e.net,dword_hex
6cc631fe.info,dword_hex
eb281fc0.com,dword_hex
f116e8aa.net,dword_hex
8e18d383.info,dword_hex
134a4916.com,dword_hex
19bbb045.net,dword_hex
c66d8b65.info,dword_hex
29bb97ed.com,dword_hex
b2b62be4.net,dword_hex
b7a59214.info,dword_hex
d0981fdb.com,dword_hex
512abc58.net,dword_hex
a43542d6.info,dword_hex
011e75bb.com,dword_hex
2ade7f2a.net,dword_hex
d2ec7585.info,dword_hex
fcc78097.com,dword_hex
9f93b29c.net,dword_hex
c133ce6f.info,dword_hex
db10eb0c.com,dword_hex
c2eda070.net,dword_hex
3e6afe63.info,dword_hex
b96792ab.com,dword_hex
dadd2384.net,dword_hex
f5836296.info,dword_hex
f312c218.com,dword_hex
5e12b7d6.net,dword_hex
a4659999.info,dword_hex
be1c6b21.com,dword_hex
7a6a6baa.net,dword_hex
443505d7.info,dword_hex
da66944b.com,dword_hex
d4608df5.net,dword_hex
40b70790.info,dword_hex
4dcbc316.com,dword_hex
f2340c9e.net,dword_hex
4087317a.info,dword_hex
ab483d47.com,dword_hex
39677f2b.net,dword_hex
www.xn--zalgo559442-sjgb60aighl2i8jc3b0a2a97ftbll0cza.com,punycode_like
www.xn--zalgo107045-sjgb60aighl2i8jc3b0a2a97ftbll0cza.com,punycode_like
www.xn--zalgo731479-sjgb60aighl2i8jc3b0a2a97ftbll0cza.com,punycode_like
www.xn--zalgo626702-sjgb60aighl2i8jc3b0a2a97ftbll0cza.com,punycode_like
www.xn--zalgo710426-sjgb60aighl2i8jc3b0a2a97ftbll0cza.com,punycode_like
www.xn--zalgo790228-sjgb60aighl2i8jc3b0a2a97ftbll0cza.com,punycode_like
www.xn--zalgo497319-sjgb60aighl2i8jc3b0a2a97ftbll0cza.com,punycode_like
www.xn--zalgo752382-sjgb60aighl2i8jc3b0a2a97ftbll0cza.com,punycode_like
www.xn--zalgo912523-sjgb60aighl2i8jc3b0a2a97ftbll0cza.com,punycode_like
www.xn--zalgo413406-sjgb60aighl2i8jc3b0a2a97ftbll0cza.com,punycode_like
www.xn--zalgo657400-sjgb60aighl2i8jc3b0a2a97ftbll0cza.com,punycode_like
www.xn--zalgo828412-sjgb60aighl2i8jc3b0a2a97ftbll0cza.com,punycode_like
www.xn--zalgo329442-sjgb60aighl2i8jc3b0a2a97ftbll0cza.com,punycode_like
www.xn--zalgo872096-sjgb60aighl2i8jc3b0a2a97ftbll0cza.com,punycode_like
www.xn--zalgo729804-sjgb60aighl2i8jc3b0a2a97ftbll0cza.com,punycode_like
www.xn--zalgo986731-sjgb60aighl2i8jc3b0a2a97ftbll0cza.com,punycode_like
www.xn--zalgo846295-sjgb60aighl2i8jc3b0a2a97ftbll0cza.com,punycode_like
www.xn--zalgo712283-sjgb60aighl2i8jc3b0a2a97ftbll0cza.com,punycode_like
www.xn--zalgo416096-sjgb60aighl2i8jc3b0a2a97ftbll0cza.com,punycode_like
www.xn--zalgo428456-sjgb60aighl2i8jc3b0a2a97ftbll0cza.com,punycode_like
www.xn--zalgo426503-sjgb60aighl2i8jc3b0a2a97ftbll0cza.com,punycode_like
www.xn--zalgo704561-sjgb60aighl2i8jc3b0a2a97ftbll0cza.com,punycode_like
www.xn--zalgo889084-sjgb60aighl2i8jc3b0a2a97ftbll0cza.com,punycode_like
www.xn--zalgo605839-sjgb60aighl2i8jc3b0a2a97ftbll0cza.com,punycode_like
www.xn--zalgo606312-sjgb60aighl2i8jc3b0a2a97ftbll0cza.com,punycode_like
www.xn--zalgo229032-sjgb60aighl2i8jc3b0a2a97ftbll0cza.com,punycode_like
www.xn--zalgo253845-sjgb60aighl2i8jc3b0a2a97ftbll0cza.com,punycode_like
www.xn--zalgo209615-sjgb60aighl2i8jc3b0a2a97ftbll0cza.com,punycode_like
www.xn--zalgo157121-sjgb60aighl2i8jc3b0a2a97ftbll0cza.com,punycode_like
www.xn--zalgo165313-sjgb60aighl2i8jc3b0a2a97ftbll0cza.com,punycode_like
www.xn--zalgo197124-sjgb60aighl2i8jc3b0a2a97ftbll0cza.com,punycode_like
www.xn--zalgo517361-sjgb60aighl2i8jc3b0a2a97ftbll0cza.com,punycode_like
www.xn--zalgo754435-sjgb60aighl2i8jc3b0a2a97ftbll0cza.com,punycode_like
www.xn--zalgo720388-sjgb60aighl2i8jc3b0a2a97ftbll0cza.com,punycode_like
www.xn--zalgo511589-sjgb60aighl2i8jc3b0a2a97ftbll0cza.com,punycode_like
www.xn--zalgo217020-sjgb60aighl2i8jc3b0a2a97ftbll0cza.com,punycode_like
www.xn--zalgo352551-sjgb60aighl2i8jc3b0a2a97ftbll0cza.com,punycode_like
www.xn--zalgo377541-sjgb60aighl2i8jc3b0a2a97ftbll0cza.com,punycode_like
www.xn--zalgo599426-sjgb60aighl2i8jc3b0a2a97ftbll0cza.com,punycode_like
www.xn--zalgo545539-sjgb60aighl2i8jc3b0a2a97ftbll0cza.com,punycode_like
www.xn--zalgo610849-sjgb60aighl2i8jc3b0a2a97ftbll0cza.com,punycode_like
www.xn--zalgo265735-sjgb60aighl2i8jc3b0a2a97ftbll0cza.com,punycode_like
www.xn--zalgo254036-sjgb60aighl2i8jc3b0a2a97ftbll0cza.com,punycode_like
www.xn--zalgo958676-sjgb60aighl2i8jc3b0a2a97ftbll0cza.com,punycode_like
www.xn--zalgo760696-sjgb60aighl2i8jc3b0a2a97ftbll0cza.com,punycode_like
www.xn--zalgo946522-sjgb60aighl2i8jc3b0a2a97ftbll0cza.com,punycode_like
www.xn--zalgo912721-sjgb60aighl2i8jc3b0a2a97ftbll0cza.com,punycode_like
www.xn--zalgo433492-sjgb60aighl2i8jc3b0a2a97ftbll0cza.com,punycode_like
www.xn--zalgo858583-sjgb60aighl2i8jc3b0a2a97ftbll0cza.com,punycode_like
www.xn--zalgo682029-sjgb60aighl2i8jc3b0a2a97ftbll0cza.com,punycode_like
cloud1tqsv.ru,word_prefix
cloud2tyjrwhx.com,word_prefix
cloud3wsjkjsyp.ru,word_prefix
cloud4dedbbcm.com,word_prefix
cloud5smdhipnp.ru,word_prefix
cloud6euzyk.com,word_prefix
cloud7bckdnycf.ru,word_prefix
cloud8whwc.com,word_prefix
cloud9pkeuha.ru,word_prefix
cloud10fahy.com,word_prefix
cloud11ydiw.ru,word_prefix
cloud12yter.com,word_prefix
cloud13aylj.ru,word_prefix
cloud14unnrxy.com,word_prefix
cloud15hhvxpe.ru,word_prefix
cloud16clcc.com,word_prefix
cloud17zxsufn.ru,word_prefix
cloud18xipdjri.com,word_prefix
cloud19mmrmim.ru,word_prefix
cloud20ujbei.com,word_prefix
cloud21sqzvl.ru,word_prefix
cloud22aiwin.com,word_prefix
cloud23nywdq.ru,word_prefix
cloud24cdiwokd.com,word_prefix
cloud25tacauxa.ru,word_prefix
cloud26vkknxka.com,word_prefix
cloud27infqg.ru,word_prefix
cloud28dpgnxtv.com,word_prefix
cloud29utvhujt.ru,word_prefix
cloud30ntuz.com,word_prefix
cloud31zbgtf.ru,word_prefix
cloud32kwmjctt.com,word_prefix
cloud33dqtk.ru,word_prefix
cloud34xamd.com,word_prefix
cloud35xdhb.ru,word_prefix
cloud36scgoh.com,word_prefix
cloud37zpch.ru,word_prefix
cloud38vmrfr.com,word_prefix
cloud39ggby.ru,word_prefix
cloud40tmdcxu.com,word_prefix
cloud41blsr.ru,word_prefix
cloud42ghuaef.com,word_prefix
cloud43ewcwsmh.ru,word_prefix
cloud44gxuwww.com,word_prefix
cloud45jeiynx.ru,word_prefix
cloud46otrmgiw.com,word_prefix
cloud47fkfuwjt.ru,word_prefix
cloud48fmhulyy.com,word_prefix
cloud49ddnyjzn.ru,word_prefix
cloud50ykjissj.com,word_prefix
a6yt8otut44.ddns.net,ddns_subdomain
jgddfzzh.ddns.net,ddns_subdomain
q415kju9d.ddns.net,ddns_subdomain
ug0fkape.ddns.net,ddns_subdomain
s5uioackbobgra.ddns.net,ddns_subdomain
j9bbxss108tpp4.ddns.net,ddns_subdomain
jffxeesk0q4ht8.ddns.net,ddns_subdomain
qwyy8yqzot.ddns.net,ddns_subdomain
jqn7xobq.ddns.net,ddns_subdomain
q1i1h75fgr3vh.ddns.net,ddns_subdomain
beabvv1uakr.ddns.net,ddns_subdomain
l7n4h4m07os.ddns.net,ddns_subdomain
vg1pcnlvzsez.ddns.net,ddns_subdomain
h7ugbyhf.ddns.net,ddns_subdomain
hpdnen3og5foi.ddns.net,ddns_subdomain
y8k8cmncwygee.ddns.net,ddns_subdomain
x9rnpbil.ddns.net,ddns_subdomain
jezp2snqsjr1.ddns.net,ddns_subdomain
538ynrlultizl.ddns.net,ddns_subdomain
pw1gh1s09us.ddns.net,ddns_subdomain
sqa1vf21tw.ddns.net,ddns_subdomain
isv3620emlx7e.ddns.net,ddns_subdomain
er63tx2ek7.ddns.net,ddns_subdomain
yx4gn35bs.ddns.net,ddns_subdomain
w8k6ofslc.ddns.net,ddns_subdomain
1lusnzf1zxs.ddns.net,ddns_subdomain
azkb7ytg69.ddns.net,ddns_subdomain
ntbxs6f4.ddns.net,ddns_subdomain
40q7oe5go2ih.ddns.net,ddns_subdomain
hx1ivtxlir0l2s.ddns.net,ddns_subdomain
282p1xr7q0jv.ddns.net,ddns_subdomain
ajh0gifb5dhr.ddns.net,ddns_subdomain
qa5jagt39ahrx.ddns.net,ddns_subdomain
z0o46uwsqoij.ddns.net,ddns_subdomain
7ylria5p51i8lp.ddns.net,ddns_subdomain
bb1bfs2me0po.ddns.net,ddns_subdomain
jfbqcnq4oqi8i.ddns.net,ddns_subdomain
onkm8glzhz1k.ddns.net,ddns_subdomain
bla9m8sk4hfkm.ddns.net,ddns_subdomain
7geocvqs08up.ddns.net,ddns_subdomain
0ntiublam.ddns.net,ddns_subdomain
bp46q90bx4y27.ddns.net,ddns_subdomain
0u11dw1iv.ddns.net,ddns_subdomain
16zsgnzn536s.ddns.net,ddns_subdomain
8leg9njlvt0x.ddns.net,ddns_subdomain
nxw2ev19r.ddns.net,ddns_subdomain
2q7e475nlh.ddns.net,ddns_subdomain
rt6uwzfgcfu.ddns.net,ddns_subdomain
a4p3wtv6.ddns.net,ddns_subdomain
g3vhlt0t0xwc.ddns.net,ddns_subdomain
